"tommy shelby";"small heath";"p";"r";"7896541230";"Sat Jul 03 19:43:19 2021
"
"Aman Garg";"India ";"f";"r";"7896541230";"Sat Jul 03 19:46:06 2021
"
"Ayshman Samal";"India";"p";"r";"7412036985";"Sat Jul 03 19:46:27 2021
"
"Udbhav ";"India";"p";"r";"7895123640";"Sat Jul 03 19:46:50 2021
"
"arthur";"heath";"p";r;"8745632109";"Sun Jul 04 00:14:50 2021
"
"john";"london";"p";r;"o";"Sun Jul 04 00:16:47 2021
"
"Polly grey";"birmingham";"p";"y";"7896541230";"Sun Jul 04 00:34:54 2021
"
"rick sanchez";"earth cj37";"p";"r";"7896541230/";"Sun Jul 04 00:39:29 2021
"
"ada shelby";"boston";"p";79;"5";"Sun Jul 04 00:46:55 2021
"
"Tester";"Nowhere";"0";48;"523489";"Sun Jul 04 00:48:41 2021
"
"Tester";"Nowhere";"0";48;"9874563211111";"Sun Jul 04 00:48:55 2021
"
"dffjdfkafja";"numebwfd";"t";R;"7896541230";"Sun Jul 04 00:53:06 2021
"
"mew";"kuhg";"p";Y;"1236547890/";"Sun Jul 04 01:00:03 2021
"
"gtyccv";"vjviv";"p";Y;"5789641230**";"Sun Jul 04 01:00:46 2021
"
"Tester";"Nowhere";"0";0;"1234567890/";"Sun Jul 04 01:03:08 2021
"
"Tester";"Nowhere";"0";0;"8745963210////";"Sun Jul 04 01:03:50 2021
"
"Tester";"Nowhere";"0";0;"459781236******4";"Sun Jul 04 01:04:09 2021
"
"Tester";"Nowhere";"0";0;"1";"Sun Jul 04 01:05:59 2021
"
"Tester";"Nowhere";"0";0;"564789745484135168461";"Sun Jul 04 01:06:35 2021
"
"Tester";"Nowhere";"0";0;"45";"Sun Jul 04 01:09:03 2021
"
"Tester";"Nowhere";"0";0;"12";"Sun Jul 04 01:09:48 2021
"
"Tester";"Nowhere";"0";0;"123456";"Sun Jul 04 01:11:52 2021
"
"har";"fdgffd";"re";R;"1236654789";"Sun Jul 04 01:16:14 2021
"
"dfdhd";"dsdsds";"ds";R;"3557412";"Sun Jul 04 01:18:28 2021
"
"fhfhfhf";"dfdfd";"g";R;"12115465";"Sun Jul 04 01:22:03 2021
"
"shairat";"dfhususgb";"p";R;"1236985470";"Sun Jul 04 01:30:17 2021
"
"shie";"fdfsg";"f";R;"2365147890";"Sun Jul 04 21:00:57 2021
"
